<application>
  <component name="AppStorage">
    <histories>
      <item value="control reaches end of non-void function [-Wreturn-type]" />
      <item value="In member function 'Eigen::VectorXd FullyConnectedNeuralNetwork::train(std::vector&lt;Eigen::Matrix&lt;double, -1, 1&gt; &gt;&amp;, std::vector&lt;Eigen::Matrix&lt;double, -1, 1&gt; &gt;&amp;, int, unsigned int, double)':" />
      <item value="Inspection info: This inspection reports the functions that were declared in the class, but their bodies was not defined." />
      <item value="warning: control reaches end of non-void function [-Wreturn-type]" />
      <item value="Inspection info: This inspection reports the issues found by context-sensitive data flow analyser. Such as: &quot;Condition is always true/false&quot;, &quot;Incompatible cast&quot;, &quot;Null dereference&quot;, &quot;Unreachable code&quot;, etc." />
      <item value="Non-const lvalue reference to type 'vector&lt;...&gt;' cannot bind to a temporary of type 'vector&lt;...&gt;'" />
      <item value="triangular View" />
      <item value="Dense" />
      <item value="YOU TRIED CALLING A_VECTOR METHOD ON A_MATRIX" />
      <item value="wise" />
      <item value="colwise" />
      <item value="rowwise" />
      <item value="static assertion failed: YOU_TRIED_CALLING_A_VECTOR_METHOD_ON_A_MATRIX" />
      <item value="emplace" />
      <item value="emplace back" />
      <item value="Out-of-line definition of 'training_Calculation' does not match any declaration in 'FullyConnectedNeuralNetwork'" />
      <item value="Return type of out-of-line definition of 'FullyConnectedNeuralNetwork::conversionDerivative' differs from that in the declaration" />
      <item value="sloop" />
      <item value="Segmentation fault" />
      <item value="Allocating an object of abstract class type 'NeuronHidden'" />
      <item value="Clang-Tidy: Operator=() should return 'NeuronHidden&amp;'" />
      <item value="Neuron" />
      <item value="use of deleted function" />
      <item value="candidate" />
      <item value="Expression is not assignable" />
      <item value="Clang-Tidy: Initialization of 'maxRand' with static storage duration may throw an exception that cannot be caught" />
      <item value="C++ requires a type specifier for all declarations" />
      <item value="Rand() has limited randomness; use C++11 random library instead" />
      <item value="neural" />
    </histories>
    <option name="languageScores">
      <map>
        <entry key="CHINESE" value="18" />
        <entry key="ENGLISH" value="19" />
        <entry key="CHINESE_TRADITIONAL" value="2" />
        <entry key="DUTCH" value="1" />
      </map>
    </option>
  </component>
</application>