<application>
  <component name="AppStorage">
    <histories>
      <item value="Segmentation fault" />
      <item value="Allocating an object of abstract class type 'NeuronHidden'" />
      <item value="Clang-Tidy: Operator=() should return 'NeuronHidden&amp;'" />
      <item value="Neuron" />
      <item value="use of deleted function" />
      <item value="candidate" />
      <item value="Expression is not assignable" />
      <item value="Clang-Tidy: Initialization of 'maxRand' with static storage duration may throw an exception that cannot be caught" />
      <item value="C++ requires a type specifier for all declarations" />
      <item value="Rand() has limited randomness; use C++11 random library instead" />
      <item value="neural" />
    </histories>
    <option name="languageScores">
      <map>
        <entry key="CHINESE" value="6" />
        <entry key="ENGLISH" value="6" />
        <entry key="CHINESE_TRADITIONAL" value="2" />
      </map>
    </option>
  </component>
</application>